team,year,total_revenue,total_expense
Air Force,2005,15481081,14330645
Air Force,2006,27085224,26606845
Air Force,2007,29024404,28064038
Air Force,2008,30604249,31174646
Air Force,2009,33616930,34945674
Air Force,2010,34915251,35081470
Air Force,2011,39823782,39430241
Air Force,2012,44490055,43156740
Air Force,2013,39031348,39497086
Air Force,2014,46577840,41438813
Air Force,2015,50191669,43481337
Air Force,2016,,
Air Force,2017,59577780,50112617
Air Force,2018,60101907,53530468
Air Force,2019,60009782,54192115
Air Force,2020,65517457,61445937
Air Force,2021,65914558,58680602
Air Force,2022,76587462,67422052
Air Force,2023,76587462,67422052
Akron,2005,14021914,13896456
Akron,2006,15301573,15751464
Akron,2007,17308323,16992718
Akron,2008,18711948,18858092
Akron,2009,20670298,20124113
Akron,2010,24012416,24498336
Akron,2011,25583730,25344459
Akron,2012,27217473,27225730
Akron,2013,27954164,28407737
Akron,2014,32774266,32050686
Akron,2015,31771467,34070009
Akron,2016,34587155,35378884
Akron,2017,35331217,33895809
Akron,2018,34601000,34873226
Akron,2019,37194485,37275978
Akron,2020,34130530,33564968
Akron,2021,26562185,25667906
Akron,2022,30498496,30290134
Akron,2023,30498496,30290134
Alabama,2005,62287192,56989608
Alabama,2006,67730762,60636961
Alabama,2007,87589777,77106548
Alabama,2008,123769841,123370004
Alabama,2009,100302512,90868971
Alabama,2010,130542153,98961214
Alabama,2011,124498616,105068152
Alabama,2012,124899945,108204867
Alabama,2013,143776550,116607913
Alabama,2014,153234273,120184128
Alabama,2015,148911674,132354913
Alabama,2016,164009745,145277366
Alabama,2017,174307419,158646962
Alabama,2018,177481937,166533013
Alabama,2019,164090889,185317681
Alabama,2020,189282549,173141125
Alabama,2021,179800409,170191728
Alabama,2022,214365357,195881911
Alabama,2023,199913763,212030188
App State,2015,29695016,30648792
App State,2016,31712155,31523281
App State,2017,35058621,35065566
App State,2018,36940867,36853981
App State,2019,37996512,37773447
App State,2020,34946428,34999267
App State,2021,33202111,33425114
App State,2022,38542661,38565701
App State,2023,46465570,46379642
App State,2005,7634231,8011932
App State,2006,9110063,9042340
App State,2007,10485631,10513168
App State,2008,13208247,13687188
App State,2009,15236543,15785349
App State,2010,15865704,16185310
App State,2011,17748605,15454170
App State,2012,18644606,17238578
App State,2013,19775727,21395675
App State,2014,19414754,19320283
Arizona,2005,39655034,40760160
Arizona,2006,42303655,40479457
Arizona,2007,47519159,43267008
Arizona,2008,49241506,46211393
Arizona,2009,53372629,53177538
Arizona,2010,58118950,56919148
Arizona,2011,59663128,58506308
Arizona,2012,78024219,76802678
Arizona,2013,68510915,68253136
Arizona,2014,99911034,95524260
Arizona,2015,87135331,80706045
Arizona,2016,85356236,87254614
Arizona,2017,90976758,91756963
Arizona,2018,95867717,103329464
Arizona,2019,105091389,100565835
Arizona,2020,97814344,101084625
Arizona,2021,101776916,93431241
Arizona,2022,124353539,124944926
Arizona,2023,143089052,142814430
Arizona State,2005,41334126,39749018
Arizona State,2006,50268561,48897603
Arizona State,2007,54735433,54832410
Arizona State,2008,54833194,54296003
Arizona State,2009,51892026,53032149
Arizona State,2010,56505165,57905546
Arizona State,2011,55294113,57080884
Arizona State,2012,59855508,65587903
Arizona State,2013,65673955,65600187
Arizona State,2014,74729269,74553104
Arizona State,2015,84440040,83873516
Arizona State,2016,94662743,89086777
Arizona State,2017,101579860,98825395
Arizona State,2018,113636755,126782387
Arizona State,2019,121698840,118404377
Arizona State,2020,106989879,117912821
Arizona State,2021,117675310,103772499
Arizona State,2022,121079615,124008192
Arizona State,2023,114507872,141717696
Arkansas,2005,47322459,45916377
Arkansas,2006,49514971,48736994
Arkansas,2007,65416732,62169914
Arkansas,2008,66174916,64632499
Arkansas,2009,65835778,64609733
Arkansas,2010,78072620,71801905
Arkansas,2011,91768112,79392988
Arkansas,2012,99757482,82470473
Arkansas,2013,99770840,92131933
Arkansas,2014,96793972,94640408
Arkansas,2015,114172847,97106539
Arkansas,2016,124981042,105633576
Arkansas,2017,129680808,112902474
Arkansas,2018,130126110,127369722
Arkansas,2019,137497788,129620361
Arkansas,2020,123357572,123857351
Arkansas,2021,132396607,111597676
Arkansas,2022,152513755,144319041
Arkansas,2023,167366549,166552649
Arkansas State,2005,7214040,9424316
Arkansas State,2006,7821660,10416949
Arkansas State,2007,7827764,10392939
Arkansas State,2008,8392852,10388098
Arkansas State,2009,9975076,11051532
Arkansas State,2010,9478903,13332956
Arkansas State,2011,13374507,13374507
Arkansas State,2012,15307308,15307308
Arkansas State,2013,16281038,16281038
Arkansas State,2014,20151793,20151793
Arkansas State,2015,29211785,29211785
Arkansas State,2016,43102044,43102044
Arkansas State,2017,39459027,39459027
Arkansas State,2018,40098989,40098989
Arkansas State,2019,35550592,35550592
Arkansas State,2020,36282680,36282680
Arkansas State,2021,29226736,29226736
Arkansas State,2022,32376515,32376515
Arkansas State,2023,32840538,32840538
Army,2005,21620575,20493126
Army,2006,24395909,23209804
Army,2007,24643884,23479378
Army,2008,29398220,24888651
Army,2009,28103137,25968123
Army,2010,29664348,25784801
Army,2011,34342038,27420476
Army,2012,31498762,26301738
Army,2013,37289204,27898527
Army,2014,37143082,32532108
Army,2015,41202176,37210925
Army,2016,44191038,38651909
Army,2017,,
Army,2018,,
Army,2019,,
Army,2020,,
Army,2021,,
Army,2022,66061475,56779409
Army,2023,63479608,64412229
Auburn,2005,57395152,61314114
Auburn,2006,66599925,63249119
Auburn,2007,81799266,68910465
Auburn,2008,89311824,69841200
Auburn,2009,87001413,85480343
Auburn,2010,92611558,90908902
Auburn,2011,103982441,100497784
Auburn,2012,105951251,96315831
Auburn,2013,103680609,103126413
Auburn,2014,113716004,126470602
Auburn,2015,124657247,115498047
Auburn,2016,140070593,124864399
Auburn,2017,147511034,132885979
Auburn,2018,147620569,139798191
Auburn,2019,152455416,139260711
Auburn,2020,153703749,135816431
Auburn,2021,123546999,133289885
Auburn,2022,174568442,151590763
Auburn,2023,195301922,192030692
Ball State,2005,15146885,14803177
Ball State,2006,16192664,16189583
Ball State,2007,17300783,17144947
Ball State,2008,22125129,19441780
Ball State,2009,20498088,19616773
Ball State,2010,20132632,17347944
Ball State,2011,20483476,19506118
Ball State,2012,21129858,20174709
Ball State,2013,21315999,22727145
Ball State,2014,23424359,25245450
Ball State,2015,22800600,25495662
Ball State,2016,25542539,27226309
Ball State,2017,26098565,27410745
Ball State,2018,28634103,28443728
Ball State,2019,27678480,27911602
Ball State,2020,27390253,27333912
Ball State,2021,23376436,23243252
Ball State,2022,28804851,28526892
Ball State,2023,30273216,30482485
Boise State,2012,43440905,43172225
Boise State,2013,43166257,43292010
Boise State,2014,45706336,45680801
Boise State,2015,43858018,44227893
Boise State,2016,46611768,46741012
Boise State,2017,45486486,45456789
Boise State,2018,48109196,47846748
Boise State,2019,50599483,49758472
Boise State,2020,51881769,51188405
Boise State,2021,39920577,40126524
Boise State,2022,50569147,50328947
Boise State,2023,60653009,58257005
Boise State,2005,16912927,16852312
Boise State,2006,20593090,20666105
Boise State,2007,26236398,25275959
Boise State,2008,25578051,25607867
Boise State,2009,29936613,30207049
Boise State,2010,36932392,36655700
Boise State,2011,37524722,37293281
Bowling Green,2005,16809396,16411529
Bowling Green,2006,17615851,17200166
Bowling Green,2007,19995372,17132784
Bowling Green,2008,19387291,17789360
Bowling Green,2009,17814168,18138104
Bowling Green,2010,18850778,17850240
Bowling Green,2011,20157361,18031088
Bowling Green,2012,20731957,18387277
Bowling Green,2013,23611448,20701488
Bowling Green,2014,23469664,23306965
Bowling Green,2015,21824966,21823070
Bowling Green,2016,22836309,23719835
Bowling Green,2017,25303291,23753571
Bowling Green,2018,24673957,24393090
Bowling Green,2019,26001184,25780900
Bowling Green,2020,25090216,24681709
Bowling Green,2021,20238705,20119961
Bowling Green,2022,25573967,25353769
Bowling Green,2023,30310123,30154915
Buffalo,2005,18689948,18685142
Buffalo,2006,20894644,20888277
Buffalo,2007,22071264,22068328
Buffalo,2008,21859641,21854374
Buffalo,2009,25944465,25942006
Buffalo,2010,25385009,16973584
Buffalo,2011,26228030,26221691
Buffalo,2012,27480211,27478169
Buffalo,2013,28964050,28960127
Buffalo,2014,31277980,31134149
Buffalo,2015,32181552,31909540
Buffalo,2016,34267566,34219719
Buffalo,2017,35892221,35883884
Buffalo,2018,40834648,40763071
Buffalo,2019,45977952,45933053
Buffalo,2020,38769015,36849290
Buffalo,2021,36268695,36214285
Buffalo,2022,40192255,39537565
Buffalo,2023,39856875,40433875
California,2005,43886422,51774040
California,2006,48444444,53722726
California,2007,60826660,60826660
California,2008,64333065,64282315
California,2009,71149584,72738751
California,2010,69345931,69345912
California,2011,65243053,62669411
California,2012,71183404,68578362
California,2013,94487380,90126390
California,2014,90262142,90108023
California,2015,85539904,94016545
California,2016,81653024,103381770
California,2017,90976576,106959739
California,2018,91247489,110558630
California,2019,87500758,106676734
California,2020,105044582,101829452
California,2021,91997368,88539090
California,2022,118212179,114485848
California,2023,126090323,134872860
Central Michigan,2005,16735819,16735819
Central Michigan,2006,17759667,17476651
Central Michigan,2007,20434174,20283635
Central Michigan,2008,21103460,21636204
Central Michigan,2009,22224245,22418292
Central Michigan,2010,24703101,24104699
Central Michigan,2011,23500552,23423660
Central Michigan,2012,25738861,25738861
Central Michigan,2013,27680624,27187504
Central Michigan,2014,29281777,29281777
Central Michigan,2015,27862443,28491818
Central Michigan,2016,31151419,29618926
Central Michigan,2017,34692784,31792125
Central Michigan,2018,39989495,32540008
Central Michigan,2019,34942574,33642870
Central Michigan,2020,65167264,33641127
Central Michigan,2021,23954837,27939171
Central Michigan,2022,39002244,34284909
Central Michigan,2023,34639371,35740893
Charlotte,2016,37334851,32940261
Charlotte,2017,37931802,33246728
Charlotte,2018,37919619,36160236
Charlotte,2019,40866430,38454232
Charlotte,2020,40717393,39010853
Charlotte,2021,37406789,37727070
Charlotte,2022,41261880,39381134
Charlotte,2023,46375725,50725276
Charlotte,2005,10117976,9643127
Charlotte,2006,16554665,12087619
Charlotte,2007,15086511,11399145
Charlotte,2008,15335887,12598230
Charlotte,2009,16778063,14757775
Charlotte,2010,17660687,14873541
Charlotte,2011,18624105,17519512
Charlotte,2012,20573594,20265479
Charlotte,2013,26681829,26122465
Charlotte,2014,29591208,28366612
Charlotte,2015,33124557,28573920
Cincinnati,2014,59100453,55433830
Cincinnati,2015,52536185,51717370
Cincinnati,2016,59062156,57977434
Cincinnati,2017,60458195,62804292
Cincinnati,2018,61778960,64755303
Cincinnati,2019,68845672,66832326
Cincinnati,2020,81705357,74043985
Cincinnati,2021,62138296,62550722
Cincinnati,2022,83344028,75902262
Cincinnati,2023,86962492,91905599
Cincinnati,2006,22099791,28872741
Cincinnati,2007,28395897,34172295
Cincinnati,2008,32281546,36369715
Cincinnati,2009,43925633,44780811
Cincinnati,2010,40920893,43478383
Cincinnati,2011,42724841,43688807
Cincinnati,2012,48892291,49868204
Cincinnati,2013,61915431,59540002
Cincinnati,2005,21124176,25247524
Clemson,2005,40445377,39977199
Clemson,2006,46430106,46863188
Clemson,2007,56028881,54249905
Clemson,2008,59180652,60050712
Clemson,2009,61416494,61972760
Clemson,2010,57562999,56780518
Clemson,2011,61174977,58367884
Clemson,2012,70002280,67783797
Clemson,2013,69061398,67091087
Clemson,2014,74793322,73456221
Clemson,2015,83534371,82855674
Clemson,2016,104823057,103059980
Clemson,2017,112600964,111126235
Clemson,2018,120532975,118847123
Clemson,2019,133861515,131978513
Clemson,2020,129949014,131781294
Clemson,2021,123132804,117413403
Clemson,2022,158283618,143356820
Clemson,2023,195984260,174276658
Coastal Carolina,2017,33703994,33704483
Coastal Carolina,2018,36392897,36455190
Coastal Carolina,2019,37885828,37823535
Coastal Carolina,2020,42172270,42172270
Coastal Carolina,2021,36745168,36086347
Coastal Carolina,2022,45443779,45443779
Coastal Carolina,2023,45636554,45636554
Coastal Carolina,2005,11045399,10857118
Coastal Carolina,2006,13058924,13058924
Coastal Carolina,2007,15276286,15162840
Coastal Carolina,2008,17239624,16910542
Coastal Carolina,2009,17826356,17849304
Coastal Carolina,2010,18382201,18492619
Coastal Carolina,2011,18984764,19070302
Coastal Carolina,2012,22292597,22174271
Coastal Carolina,2013,22314234,22190005
Coastal Carolina,2014,23374712,23829311
Coastal Carolina,2015,25872141,25119220
Coastal Carolina,2016,26584253,27336685
Colorado,2005,35851791,36614714
Colorado,2006,46871796,45731542
Colorado,2007,42354657,39703408
Colorado,2008,52631896,48368255
Colorado,2009,49859693,48207321
Colorado,2010,49521517,48590915
Colorado,2011,60923253,59186620
Colorado,2012,57098868,54257246
Colorado,2013,58334345,66327497
Colorado,2014,64226758,64303100
Colorado,2015,67852236,65273311
Colorado,2016,77276889,74733332
Colorado,2017,94226111,90640627
Colorado,2018,89581544,89826611
Colorado,2019,94935198,98413284
Colorado,2020,95592704,91182106
Colorado,2021,47074223,64551755
Colorado,2022,94873830,95968696
Colorado,2023,127028292,136114470
Colorado State,2005,19043174,18012178
Colorado State,2006,19350746,19891653
Colorado State,2007,21740500,20313040
Colorado State,2008,23759185,23953191
Colorado State,2009,26199379,25984458
Colorado State,2010,26552383,25355036
Colorado State,2011,29372783,25948502
Colorado State,2012,30802879,30161147
Colorado State,2013,34791926,34468927
Colorado State,2014,38739665,36944157
Colorado State,2015,38451203,38781340
Colorado State,2016,39767363,40699254
Colorado State,2017,44672317,43965622
Colorado State,2018,54728814,52159851
Colorado State,2019,56081379,54289162
Colorado State,2020,56855714,54994368
Colorado State,2021,49775170,48821899
Colorado State,2022,61263230,61220502
Colorado State,2023,64304072,64463788
East Carolina,2015,48918305,49352531
East Carolina,2016,44613084,45814967
East Carolina,2017,48312311,48387287
East Carolina,2018,46861190,47410809
East Carolina,2019,59970346,56281920
East Carolina,2020,56118480,52745339
East Carolina,2021,43693291,43329991
East Carolina,2022,54964121,54133021
East Carolina,2023,63254255,63529648
East Carolina,2005,21128219,21763041
East Carolina,2006,22668129,23475157
East Carolina,2007,25156642,24932913
East Carolina,2008,29268128,27625195
East Carolina,2009,31984658,29581993
East Carolina,2010,32280456,30473691
East Carolina,2011,34048869,32220961
East Carolina,2012,35575172,33623495
East Carolina,2013,35805232,36639494
East Carolina,2014,36598782,38723518
Eastern Michigan,2005,19961107,19749198
Eastern Michigan,2006,19712553,19238903
Eastern Michigan,2007,25637551,23585654
Eastern Michigan,2008,24971850,25153393
Eastern Michigan,2009,24854558,23615132
Eastern Michigan,2010,26270721,24635531
Eastern Michigan,2011,27717621,25971066
Eastern Michigan,2012,29062905,27798118
Eastern Michigan,2013,27797656,27797656
Eastern Michigan,2014,30081523,30081523
Eastern Michigan,2015,33956233,33956234
Eastern Michigan,2016,30212703,30212703
Eastern Michigan,2017,32311247,32311246
Eastern Michigan,2018,30681039,30681035
Eastern Michigan,2019,30878069,30878069
Eastern Michigan,2020,29458560,29458563
Eastern Michigan,2021,24524114,24524114
Eastern Michigan,2022,33040581,33040581
Eastern Michigan,2023,35651284,35651282
Florida,2005,77742484,73868754
Florida,2006,82877813,78665774
Florida,2007,108300504,92630682
Florida,2008,106607895,98775583
Florida,2009,96814239,102082778
Florida,2010,117104407,105824376
Florida,2011,123514257,107157831
Florida,2012,120772106,105102198
Florida,2013,130011244,106972983
Florida,2014,124611305,109690016
Florida,2015,147105242,125384443
Florida,2016,141441109,136788493
Florida,2017,149165475,141864472
Florida,2018,161183765,149144376
Florida,2019,159706937,141829002
Florida,2020,174950823,139935182
Florida,2021,138854234,123298839
Florida,2022,190417139,174365070
Florida,2023,189142176,175738444
Florida Atlantic,2014,24352818,24033024
Florida Atlantic,2015,30919633,29794361
Florida Atlantic,2016,32141210,29182295
Florida Atlantic,2017,34509259,34102683
Florida Atlantic,2018,35275379,35149886
Florida Atlantic,2019,36297004,35846033
Florida Atlantic,2020,40113869,37393763
Florida Atlantic,2021,33610768,32472125
Florida Atlantic,2022,39201524,38132721
Florida Atlantic,2023,44684229,42642154
Florida Atlantic,2005,14454890,14362376
Florida Atlantic,2006,14637992,14731275
Florida Atlantic,2007,15293950,15327294
Florida Atlantic,2008,16574905,16275735
Florida Atlantic,2009,16081909,15968769
Florida Atlantic,2010,16284618,15208667
Florida Atlantic,2011,19438422,16707200
Florida Atlantic,2012,23226481,20020133
Florida Atlantic,2013,24538411,21967412
Florida International,2014,28104062,27542910
Florida International,2015,28613452,30483759
Florida International,2016,29370443,27760735
Florida International,2017,33389929,33003699
Florida International,2018,35631959,36189130
Florida International,2019,37018133,35374928
Florida International,2020,37417121,35508185
Florida International,2021,38476796,28752899
Florida International,2022,41043885,39433624
Florida International,2023,42818447,45274382
Florida International,2005,14431410,13463158
Florida International,2006,16096529,15200636
Florida International,2007,16985520,17977244
Florida International,2008,20230654,18475489
Florida International,2009,21270047,21801110
Florida International,2010,22004418,22509591
Florida International,2011,23849954,24606141
Florida International,2012,25201564,27428271
Florida International,2013,28332261,26275579
Florida State,2005,56576933,56412748
Florida State,2006,67012792,59512089
Florida State,2007,77257845,67843586
Florida State,2008,73458494,65583105
Florida State,2009,74417324,78528151
Florida State,2010,74402269,75209181
Florida State,2011,78575788,86949804
Florida State,2012,100049444,90278878
Florida State,2013,91382441,84772759
Florida State,2014,104774474,98866182
Florida State,2015,120822522,111386681
Florida State,2016,113754314,115631800
Florida State,2017,144514413,156551818
Florida State,2018,168177850,158375459
Florida State,2019,152757883,150147316
Florida State,2020,129481351,155656855
Florida State,2021,129743001,121923106
Florida State,2022,161141884,150777734
Florida State,2023,169558790,172130700
Fresno State,2013,33734773,33050314
Fresno State,2014,36038183,36436560
Fresno State,2015,39073736,41535096
Fresno State,2016,44804147,44055912
Fresno State,2017,46215249,44119522
Fresno State,2018,50636750,51050676
Fresno State,2019,49772999,50079039
Fresno State,2020,47276450,48106185
Fresno State,2021,29582635,36237555
Fresno State,2022,54124579,46515828
Fresno State,2023,48938712,51738485
Fresno State,2005,26691142,25350352
Fresno State,2006,27096524,25634086
Fresno State,2007,26646547,25871953
Fresno State,2008,27530567,28856248
Fresno State,2009,29833531,28645243
Fresno State,2010,26648661,26690524
Fresno State,2011,30190480,28838967
Fresno State,2012,30724143,30174803
Georgia,2005,68787384,44933055
Georgia,2006,79237929,62228597
Georgia,2007,78364621,64153697
Georgia,2008,85554395,71993533
Georgia,2009,83507796,78573518
Georgia,2010,89735934,77250831
Georgia,2011,92341067,80759498
Georgia,2012,91670613,88923561
Georgia,2013,98120889,96904626
Georgia,2014,103495587,92560956
Georgia,2015,116151279,98346538
Georgia,2016,123841268,117400502
Georgia,2017,157852479,120445486
Georgia,2018,176699893,134965406
Georgia,2019,174042482,144790704
Georgia,2020,179295904,140529409
Georgia,2021,169064656,124113714
Georgia,2022,203048566,169995701
Georgia,2023,210108069,187486671
Georgia Southern,2015,21144354,20172581
Georgia Southern,2016,30281201,29080388
Georgia Southern,2017,28895052,28761605
Georgia Southern,2018,31696141,31181439
Georgia Southern,2019,29483912,29504873
Georgia Southern,2020,29077794,29099661
Georgia Southern,2021,28954190,28954190
Georgia Southern,2022,30700262,30700262
Georgia Southern,2023,35614506,35614506
Georgia Southern,2005,8790105,8803187
Georgia Southern,2006,9425472,9458911
Georgia Southern,2007,9289002,9069380
Georgia Southern,2008,9351898,9346897
Georgia Southern,2009,9742203,9525178
Georgia Southern,2010,10325261,10174594
Georgia Southern,2011,11245505,11212578
Georgia Southern,2012,11335102,11335102
Georgia Southern,2013,13200750,13200750
Georgia Southern,2014,18929350,18109721
Georgia State,2014,27093316,27488640
Georgia State,2015,28982441,27586906
Georgia State,2016,28094321,28077647
Georgia State,2017,30230203,29859420
Georgia State,2018,39546233,32629661
Georgia State,2019,35546650,38399491
Georgia State,2020,32152497,34058748
Georgia State,2021,30481854,32064332
Georgia State,2022,45666910,39913963
Georgia State,2023,38838368,36803758
Georgia State,2005,6693070,7127697
Georgia State,2006,7915773,8571384
Georgia State,2007,10759040,10757078
Georgia State,2008,12257382,10794774
Georgia State,2009,16046751,13533032
Georgia State,2010,19534366,17195830
Georgia State,2011,22895575,23135282
Georgia State,2012,24540533,25943332
Georgia State,2013,26721964,27261115
Georgia Tech,2005,43153707,40942114
Georgia Tech,2006,45529338,48696486
Georgia Tech,2007,51647705,49725966
Georgia Tech,2008,54511968,54800099
Georgia Tech,2009,55560702,56026127
Georgia Tech,2010,55359742,55221082
Georgia Tech,2011,54354409,55065262
Georgia Tech,2012,63184163,61179789
Georgia Tech,2013,61780812,63630961
Georgia Tech,2014,68469538,68818267
Georgia Tech,2015,77202758,74979077
Georgia Tech,2016,76409293,76301805
Georgia Tech,2017,81762024,84852123
Georgia Tech,2018,91647068,88517077
Georgia Tech,2019,85802112,96334831
Georgia Tech,2020,86435447,96137132
Georgia Tech,2021,86198858,85999316
Georgia Tech,2022,106635094,104719581
Georgia Tech,2023,133771921,132273817
Hawai'i,2013,37017100,40357387
Hawai'i,2014,40989898,43086528
Hawai'i,2015,43116142,47061787
Hawai'i,2016,44127115,47481543
Hawai'i,2017,47780885,48984980
Hawai'i,2018,46395281,48311442
Hawai'i,2019,48399854,51340094
Hawai'i,2020,46244423,49033909
Hawai'i,2021,44641605,41150162
Hawai'i,2022,49422827,48029141
Hawai'i,2023,53867030,52696666
Hawai'i,2005,19878946,22036611
Hawai'i,2006,29172055,28348930
Hawai'i,2007,30384508,30236183
Hawai'i,2008,37427263,35133798
Hawai'i,2009,33355712,35717190
Hawai'i,2010,36239991,34946092
Hawai'i,2011,36801458,36344952
Hawai'i,2012,37879740,40319775
Houston,2014,40310724,39486396
Houston,2015,44815210,45437942
Houston,2016,51469297,52204566
Houston,2017,57174900,55277308
Houston,2018,55142417,57106913
Houston,2019,75049955,73678308
Houston,2020,67382981,66370147
Houston,2021,66823577,67196088
Houston,2022,78088086,73806404
Houston,2023,82604513,81517354
Houston,2005,22648933,22677457
Houston,2006,15700572,26029167
Houston,2007,19777339,28602628
Houston,2008,30988450,30988450
Houston,2009,31341925,31341925
Houston,2010,33034483,33034483
Houston,2011,34614033,33450817
Houston,2012,36652492,36395207
Houston,2013,42024887,42664044
Idaho,2014,18920916,18920334
Idaho,2015,19950964,19248132
Idaho,2016,22103144,21646645
Idaho,2017,23825002,22817285
Idaho,2005,11864245,11835622
Idaho,2006,13433114,13269969
Idaho,2007,14982205,14698552
Idaho,2008,15208208,15610442
Idaho,2009,15126899,15618281
Idaho,2010,15683183,15658532
Idaho,2011,17545304,17314106
Idaho,2012,18584216,18371540
Idaho,2013,19593192,19719585
Idaho,2018,20468275,21581532
Idaho,2019,19200033,20728355
Idaho,2020,18209834,20126708
Idaho,2021,13732065,16778231
Idaho,2022,23013225,22289958
Idaho,2023,22190857,23141396
Illinois,2005,48396763,47915540
Illinois,2006,50744576,50576001
Illinois,2007,57838408,51714927
Illinois,2008,67818403,63458807
Illinois,2009,75431185,73643345
Illinois,2010,75189489,71957222
Illinois,2011,77863883,73476818
Illinois,2012,78708250,76740736
Illinois,2013,79725521,78667480
Illinois,2014,80848569,83112351
Illinois,2015,85998659,87163188
Illinois,2016,96249500,102912910
Illinois,2017,97447731,100739817
Illinois,2018,115132186,108696540
Illinois,2019,118565501,120168951
Illinois,2020,122566259,121638435
Illinois,2021,98811643,102006085
Illinois,2022,145735330,129119247
Illinois,2023,148345919,152809698
Indiana,2005,37968912,38805232
Indiana,2006,41508845,41434508
Indiana,2007,46425225,43212993
Indiana,2008,57155333,50920826
Indiana,2009,61136237,55652636
Indiana,2010,69287811,65796415
Indiana,2011,71017355,69314511
Indiana,2012,72973954,69915060
Indiana,2013,76660265,72597053
Indiana,2014,84668779,80386732
Indiana,2015,88362421,88330530
Indiana,2016,95216762,94190256
Indiana,2017,106139192,106131819
Indiana,2018,122933136,116277652
Indiana,2019,127832628,114822135
Indiana,2020,121181042,120289560
Indiana,2021,78083857,102582541
Indiana,2022,166761471,132392596
Indiana,2023,144706586,139087323
Iowa,2005,61676257,54982658
Iowa,2006,73321227,59224861
Iowa,2007,80832070,70469589
Iowa,2008,81515865,71602594
Iowa,2009,79971143,71116911
Iowa,2010,88735093,74438196
Iowa,2011,93353561,88057486
Iowa,2012,97902974,104658746
Iowa,2013,107153782,106969227
Iowa,2014,105958954,102278847
Iowa,2015,105969545,109214651
Iowa,2016,113249020,116168740
Iowa,2017,130681467,130219211
Iowa,2018,137093027,131467820
Iowa,2019,151976026,147632275
Iowa,2020,145636544,149161886
Iowa,2021,74789832,116755350
Iowa,2022,151483092,151144861
Iowa,2023,167417806,160302475
Iowa State,2005,28913010,28227582
Iowa State,2006,32437040,33341962
Iowa State,2007,32675181,42123353
Iowa State,2008,38621346,38642012
Iowa State,2009,45813189,45768048
Iowa State,2010,46871554,46656014
Iowa State,2011,48591617,48469929
Iowa State,2012,55151017,55113720
Iowa State,2013,62357761,62224194
Iowa State,2014,68170381,67967712
Iowa State,2015,75283516,75209309
Iowa State,2016,78355500,78279309
Iowa State,2017,82659447,82565176
Iowa State,2018,88753664,88670048
Iowa State,2019,95411884,95315376
Iowa State,2020,90326274,90285606
Iowa State,2021,72046100,89008720
Iowa State,2022,111287492,111227458
Iowa State,2023,115584170,115523596
Kansas,2005,50826019,40761354
Kansas,2006,63643158,47862244
Kansas,2007,64153545,58763135
Kansas,2008,82976047,65748366
Kansas,2009,69998204,67643124
Kansas,2010,70548520,69241375
Kansas,2011,74850203,71992158
Kansas,2012,70228913,78973441
Kansas,2013,93114168,79720036
Kansas,2014,97681066,90056511
Kansas,2015,91860673,92207877
Kansas,2016,90658829,85703264
Kansas,2017,95251461,94709233
Kansas,2018,106307326,104108072
Kansas,2019,121553307,108881800
Kansas,2020,102707575,102693011
Kansas,2021,92325635,94140743
Kansas,2022,118020175,108696078
Kansas,2023,128398186,124210259
Kansas State,2005,39884219,34394621
Kansas State,2006,43411343,34834467
Kansas State,2007,49277378,40548866
Kansas State,2008,49113706,41362747
Kansas State,2009,48417050,51237044
Kansas State,2010,53436790,42337682
Kansas State,2011,69947834,46549248
Kansas State,2012,63271615,50994785
Kansas State,2013,70457283,59325573
Kansas State,2014,72935044,62576606
Kansas State,2015,75323278,67316209
Kansas State,2016,77936664,70884496
Kansas State,2017,86081528,73970354
Kansas State,2018,86911309,77633258
Kansas State,2019,89919822,83079244
Kansas State,2020,86441107,79785896
Kansas State,2021,67602026,87729711
Kansas State,2022,100822204,82220606
Kansas State,2023,102332761,95281944
Kent State,2005,15712742,15223077
Kent State,2006,17994644,16362203
Kent State,2007,17487695,16995460
Kent State,2008,18106791,18891134
Kent State,2009,17942193,17179520
Kent State,2010,19446680,19446680
Kent State,2011,21448821,20756745
Kent State,2012,22903668,22735640
Kent State,2013,26557674,27116813
Kent State,2014,24932694,24392281
Kent State,2015,25908848,26291980
Kent State,2016,26018611,28029169
Kent State,2017,28837710,29504048
Kent State,2018,28789819,29993310
Kent State,2019,29460111,29573232
Kent State,2020,27803078,28938118
Kent State,2021,19651622,21870072
Kent State,2022,28605618,29613870
Kent State,2023,30439500,33740307
Kentucky,2005,54536426,52462483
Kentucky,2006,57015319,57551345
Kentucky,2007,61106515,61075726
Kentucky,2008,71727243,71079982
Kentucky,2009,72057754,68628681
Kentucky,2010,79700856,79002986
Kentucky,2011,84878311,82840006
Kentucky,2012,88373452,84929819
Kentucky,2013,95720724,93423628
Kentucky,2014,96685489,94612431
Kentucky,2015,116494690,115159039
Kentucky,2016,132180246,129873437
Kentucky,2017,130706744,128829711
Kentucky,2018,134154614,133264315
Kentucky,2019,150435842,150265800
Kentucky,2020,146150480,145957959
Kentucky,2021,121477527,120938509
Kentucky,2022,159079024,158840674
Kentucky,2023,174485651,174280835
Louisiana,2005,7622387,8157543
Louisiana,2006,8473475,8186934
Louisiana,2007,12935753,9967042
Louisiana,2008,11499015,11026554
Louisiana,2009,12122861,11940719
Louisiana,2010,12280070,12357621
Louisiana,2011,13556901,13946204
Louisiana,2012,17440897,17532577
Louisiana,2013,18114361,18652324
Louisiana,2014,21297114,21542643
Louisiana,2015,23460508,23034683
Louisiana,2016,25599442,25668326
Louisiana,2017,28326919,27408419
Louisiana,2018,32510606,32428520
Louisiana,2019,32544966,37104736
Louisiana,2020,30207252,36187952
Louisiana,2021,33267333,34129724
Louisiana,2022,33021554,38364254
Louisiana,2023,33251487,41419975
Louisiana Tech,2014,19277701,19239017
Louisiana Tech,2015,22209912,21849418
Louisiana Tech,2016,23388735,23102396
Louisiana Tech,2017,24722695,23828481
Louisiana Tech,2018,23672886,23933980
Louisiana Tech,2019,24948474,24910914
Louisiana Tech,2020,23317307,23586495
Louisiana Tech,2021,22727889,23133588
Louisiana Tech,2022,28693958,28294724
Louisiana Tech,2023,26818378,30741026
Louisiana Tech,2005,11009487,10996389
Louisiana Tech,2006,11723290,12055688
Louisiana Tech,2007,13135151,13186880
Louisiana Tech,2008,14656982,14631914
Louisiana Tech,2009,16020893,15966998
Louisiana Tech,2010,16587540,16481887
Louisiana Tech,2011,17146559,17135283
Louisiana Tech,2012,18734197,18687576
Louisiana Tech,2013,18570493,18444386
Louisville,2014,88745348,88174474
Louisville,2015,104325207,101624437
Louisville,2016,112146504,109393330
Louisville,2017,120445303,118383769
Louisville,2018,134155908,132708762
Louisville,2019,139955824,151167940
Louisville,2020,140867112,138830169
Louisville,2021,101110217,109320333
Louisville,2022,146225965,139978927
Louisville,2023,142806809,140216963
Louisville,2006,52020246,48807290
Louisville,2007,58819120,55731701
Louisville,2008,56540896,55145760
Louisville,2009,62516648,58931534
Louisville,2010,63487395,61257743
Louisville,2011,87736323,81837054
Louisville,2012,87840501,84133793
Louisville,2013,96193330,92383221
Louisville,2005,41183859,38629661
LSU,2005,60937676,55857396
LSU,2006,67430786,65215990
LSU,2007,76270050,73232219
LSU,2008,85018205,81150829
LSU,2009,100878633,94451691
LSU,2010,111030795,102326769
LSU,2011,107259352,91796925
LSU,2012,114787786,101989116
LSU,2013,117457398,105312018
LSU,2014,133679256,122945710
LSU,2015,138642237,126632377
LSU,2016,141651460,123952910
LSU,2017,147744233,139139017
LSU,2018,145422796,145351316
LSU,2019,157787782,157925522
LSU,2020,160433475,164026005
LSU,2021,121893544,131855613
LSU,2022,199309382,197365660
LSU,2023,200476979,204351239
Marshall,2006,20147413,19691376
Marshall,2007,21000942,20975251
Marshall,2008,23103224,23575610
Marshall,2009,22043516,24701638
Marshall,2010,23067735,25678598
Marshall,2011,27444906,26146967
Marshall,2012,29203535,26816730
Marshall,2013,27587274,28337108
Marshall,2014,28707091,29441144
Marshall,2015,27069138,27397209
Marshall,2016,30164189,28910839
Marshall,2017,29287471,30342248
Marshall,2018,30612153,31820355
Marshall,2019,32905904,32936226
Marshall,2020,32399083,32745309
Marshall,2021,30400563,30372584
Marshall,2022,39338519,39350986
Marshall,2023,40811277,45062854
Marshall,2005,16323459,16516504
Maryland,2005,46508648,46508648
Maryland,2006,53643387,49524563
Maryland,2007,57707218,55001995
Maryland,2008,59624100,56844987
Maryland,2009,62949159,62901837
Maryland,2010,54661992,54661992
Maryland,2011,61634829,61632000
Maryland,2012,68142660,68109639
Maryland,2013,63714470,63367929
Maryland,2014,73434869,72952894
Maryland,2015,92686128,92558535
Maryland,2016,94101697,94101697
Maryland,2017,94881357,94796897
Maryland,2018,98294571,97819892
Maryland,2019,108796303,108785924
Maryland,2020,92286469,92231361
Maryland,2021,60901167,81831650
Maryland,2022,107526374,114385462
Maryland,2023,121183392,121160348
Massachusetts,2016,42350911,42792280
Massachusetts,2017,48054005,47535791
Massachusetts,2018,48081784,46438521
Massachusetts,2019,49461013,48445234
Massachusetts,2020,49384129,48879608
Massachusetts,2021,42803582,42278738
Massachusetts,2022,53639818,52853964
Massachusetts,2023,58440119,57649039
Massachusetts,2013,30060635,30731842
Massachusetts,2014,33875918,33475242
Massachusetts,2015,36512437,36897375
Massachusetts,2005,19344591,18502005
Massachusetts,2006,19881690,20002569
Massachusetts,2007,21153861,21362070
Massachusetts,2008,25220638,24703893
Massachusetts,2009,25248473,24609058
Massachusetts,2010,25157972,25229901
Massachusetts,2011,27248277,26963095
Massachusetts,2012,29762217,29465734
Memphis,2014,50278503,50266862
Memphis,2015,43430404,43287138
Memphis,2016,50027341,50115251
Memphis,2017,48716830,48443158
Memphis,2018,55409530,55462505
Memphis,2019,55815109,55494325
Memphis,2020,61241433,61254516
Memphis,2021,47433629,47141329
Memphis,2022,62174875,62174875
Memphis,2023,64332894,64332894
Memphis,2005,24289381,24289381
Memphis,2006,27155528,27155528
Memphis,2007,29335795,29335795
Memphis,2008,34379023,34379023
Memphis,2009,35861454,35861454
Memphis,2010,39520842,39520842
Memphis,2011,40384265,40307245
Memphis,2012,46783503,46786144
Memphis,2013,46346285,46501314
Miami (OH),2005,20558288,20055568
Miami (OH),2006,20891454,21213766
Miami (OH),2007,23062244,23354626
Miami (OH),2008,23307295,23320946
Miami (OH),2009,24314451,24818228
Miami (OH),2010,25996018,25604474
Miami (OH),2011,26745727,26975567
Miami (OH),2012,28121483,27832911
Miami (OH),2013,28705691,28926951
Miami (OH),2014,29393128,28712466
Miami (OH),2015,33119460,32756388
Miami (OH),2016,33661856,33285723
Miami (OH),2017,37766348,36097843
Miami (OH),2018,36772588,37127174
Miami (OH),2019,39644248,38650630
Miami (OH),2020,38814769,37814569
Miami (OH),2021,31355429,30036336
Miami (OH),2022,38076046,37880709
Miami (OH),2023,39117628,39100493
Michigan,2005,78424186,61387144
Michigan,2006,85452441,67909246
Michigan,2007,89079982,74925433
Michigan,2008,99027105,85496004
Michigan,2009,95193030,84542142
Michigan,2010,106874031,89133850
Michigan,2011,122739052,111844553
Michigan,2012,140131187,115200187
Michigan,2013,143514125,131018311
Michigan,2014,157899820,142551994
Michigan,2015,152477026,152555619
Michigan,2016,163850616,159096632
Michigan,2017,185173187,179459864
Michigan,2018,195769104,192456967
Michigan,2019,197820410,196616430
Michigan,2020,192403168,188523758
Michigan,2021,101236069,150618278
Michigan,2022,210652287,195084818
Michigan,2023,229561279,228603154
Michigan State,2005,62170147,58340854
Michigan State,2006,68397132,70218402
Michigan State,2007,76953708,73696382
Michigan State,2008,81390686,83444368
Michigan State,2009,79344333,81404459
Michigan State,2010,83545892,78162447
Michigan State,2011,84510199,84004229
Michigan State,2012,93946707,88100432
Michigan State,2013,97942726,93743529
Michigan State,2014,104677456,107422832
Michigan State,2015,108687274,108283151
Michigan State,2016,123034495,121892394
Michigan State,2017,126021377,117506272
Michigan State,2018,145640289,137416056
Michigan State,2019,140010865,135655740
Michigan State,2020,130636629,148453353
Michigan State,2021,89529295,104951574
Michigan State,2022,172799513,156449795
Michigan State,2023,170654025,181850581
Middle Tennessee ,2014,30410530,29036660
Middle Tennessee ,2015,31671166,31671166
Middle Tennessee ,2016,32412731,32412731
Middle Tennessee ,2017,34040334,34040334
Middle Tennessee ,2018,35353956,35353956
Middle Tennessee ,2019,35834204,35834204
Middle Tennessee ,2020,34840886,34840886
Middle Tennessee ,2021,31190904,31190904
Middle Tennessee ,2022,35614512,35614512
Middle Tennessee ,2023,40864916,40864916
Middle Tennessee ,2005,15376862,15376862
Middle Tennessee ,2006,17473479,17473479
Middle Tennessee ,2007,19621497,19621497
Middle Tennessee ,2008,19656265,19656265
Middle Tennessee ,2009,19441095,19441095
Middle Tennessee ,2010,20800017,20800017
Middle Tennessee ,2011,27125185,24328234
Middle Tennessee ,2012,26555473,26450723
Middle Tennessee ,2013,27667552,28716516
Minnesota,2005,53276842,53872091
Minnesota,2006,58527047,57031263
Minnesota,2007,58787777,64828596
Minnesota,2008,68951692,63968805
Minnesota,2009,70322993,70322993
Minnesota,2010,78706900,78706900
Minnesota,2011,78924683,78924683
Minnesota,2012,83619526,83619526
Minnesota,2013,98286669,96427632
Minnesota,2014,106176156,106176156
Minnesota,2015,111162265,111162265
Minnesota,2016,113506279,110673824
Minnesota,2017,116376862,114201678
Minnesota,2018,124847642,115090006
Minnesota,2019,130456454,129450256
Minnesota,2020,119280297,124818508
Minnesota,2021,85512708,103821135
Minnesota,2022,135198272,130285463
Minnesota,2023,148707736,146982927
Mississippi State,2005,25502594,25273465
Mississippi State,2006,25838681,25796264
Mississippi State,2007,27549532,27542758
Mississippi State,2008,30440090,30432972
Mississippi State,2009,36772199,36703582
Mississippi State,2010,38127591,36265186
Mississippi State,2011,58981769,51588743
Mississippi State,2012,69828880,67926160
Mississippi State,2013,62764025,57362224
Mississippi State,2014,62275111,54388802
Mississippi State,2015,75400407,69493395
Mississippi State,2016,94903405,87641937
Mississippi State,2017,100062237,88138943
Mississippi State,2018,103858865,93573141
Mississippi State,2019,112273809,104198109
Mississippi State,2020,109973682,108174698
Mississippi State,2021,112890415,96298830
Mississippi State,2022,110653367,108477381
Mississippi State,2023,115664788,126239126
Missouri,2005,46812603,46351896
Missouri,2006,50495448,56057181
Missouri,2007,56406107,57211839
Missouri,2008,55566932,51779677
Missouri,2009,63133447,58604216
Missouri,2010,61052303,61766109
Missouri,2011,64146530,64160358
Missouri,2012,50719665,66980889
Missouri,2013,76306889,70276015
Missouri,2014,83718587,80230179
Missouri,2015,91217778,86859158
Missouri,2016,97275839,94323693
Missouri,2017,97848195,102409131
Missouri,2018,107351581,109158522
Missouri,2019,106610244,108398447
Missouri,2020,110189122,119082669
Missouri,2021,110458144,113915145
Missouri,2022,141157028,125621128
Missouri,2023,141558287,141558286
Navy,2015,,
Navy,2016,,
Navy,2017,,
Navy,2018,,
Navy,2019,,
Navy,2020,,
Navy,2021,,
Navy,2022,,
Navy,2023,,
Navy,2005,,
Navy,2006,,
Navy,2007,,
Navy,2008,,
Navy,2009,,
Navy,2010,,
Navy,2011,,
Navy,2012,,
Navy,2013,,
Navy,2014,,
NC State,2005,35793670,37048794
NC State,2006,45836095,42463462
NC State,2007,47830440,43294143
NC State,2008,45632223,43892285
NC State,2009,50586947,48349169
NC State,2010,49459002,45880314
NC State,2011,51076345,50560564
NC State,2012,59757911,56332313
NC State,2013,67481639,63137393
NC State,2014,70500811,63958569
NC State,2015,76834603,73074396
NC State,2016,80225029,79905724
NC State,2017,83741572,86924779
NC State,2018,87976532,86756449
NC State,2019,92724548,90100025
NC State,2020,86563197,88722096
NC State,2021,78224410,78215264
NC State,2022,102387569,100991410
NC State,2023,121444506,118653089
Nebraska,2005,55876334,55697329
Nebraska,2006,63723537,61667540
Nebraska,2007,70846908,65356468
Nebraska,2008,75492884,74981110
Nebraska,2009,74881383,70543505
Nebraska,2010,73483733,71738068
Nebraska,2011,83679756,81916484
Nebraska,2012,81631252,77037282
Nebraska,2013,86916001,81666269
Nebraska,2014,94797692,90939273
Nebraska,2015,102157399,102523037
Nebraska,2016,112142961,108989919
Nebraska,2017,120205090,117979144
Nebraska,2018,142223226,141063338
Nebraska,2019,136233460,134713519
Nebraska,2020,133629080,130582125
Nebraska,2021,92093093,104087284
Nebraska,2022,143423944,141181951
Nebraska,2023,204831356,200870384
Nevada,2013,26627415,27274229
Nevada,2014,27324338,27734777
Nevada,2015,26954582,27013975
Nevada,2016,31018290,30911159
Nevada,2017,36955558,38982774
Nevada,2018,34288266,41381121
Nevada,2019,43653404,43436728
Nevada,2020,37855495,39721951
Nevada,2021,35241573,34799540
Nevada,2022,47946637,45228707
Nevada,2023,49533190,49509846
Nevada,2005,18677243,20477381
Nevada,2006,27280714,20175399
Nevada,2007,21375121,21359986
Nevada,2008,24383923,24051345
Nevada,2009,22525614,23997850
Nevada,2010,23157140,23988811
Nevada,2011,22652490,23112105
Nevada,2012,21531926,22177509
New Mexico,2005,27594982,26216020
New Mexico,2006,24072788,26719944
New Mexico,2007,25586305,25822644
New Mexico,2008,35979959,36477159
New Mexico,2009,38376372,39368459
New Mexico,2010,37330784,37331322
New Mexico,2011,40287108,40428116
New Mexico,2012,43284573,44321779
New Mexico,2013,44345840,45046275
New Mexico,2014,47199769,47082167
New Mexico,2015,42353920,42180916
New Mexico,2016,42820441,44465814
New Mexico,2017,44421019,44356217
New Mexico,2018,41936043,41936043
New Mexico,2019,40832286,40832286
New Mexico,2020,36789599,38408365
New Mexico,2021,36995937,35284244
New Mexico,2022,44881065,44865758
New Mexico,2023,47763222,47048657
New Mexico State,2014,29287917,29513451
New Mexico State,2018,26320230,25693309
New Mexico State,2019,28010801,28011103
New Mexico State,2020,28761802,28754412
New Mexico State,2021,25489278,25482825
New Mexico State,2022,30350192,32457148
New Mexico State,2023,31776454,37150568
New Mexico State,2015,26986841,26874116
New Mexico State,2016,26505116,27077217
New Mexico State,2017,26114479,23507513
New Mexico State,2005,12856716,12643034
New Mexico State,2006,18550016,16844756
New Mexico State,2007,16953694,21793202
New Mexico State,2008,25379586,28298002
New Mexico State,2009,26896469,28791357
New Mexico State,2010,25433613,26994899
New Mexico State,2011,26997597,25782307
New Mexico State,2012,28559494,27426388
New Mexico State,2013,30105460,28484118
North Carolina,2005,54838851,54617880
North Carolina,2006,60034233,59943877
North Carolina,2007,62166396,63008867
North Carolina,2008,66148186,65929532
North Carolina,2009,74644557,74462225
North Carolina,2010,72825407,72685335
North Carolina,2011,75606311,74312602
North Carolina,2012,82424430,81921783
North Carolina,2013,82792342,82735139
North Carolina,2014,83771913,83463221
North Carolina,2015,89128256,89080843
North Carolina,2016,95175985,95175985
North Carolina,2017,96551626,96540823
North Carolina,2018,104571404,102430558
North Carolina,2019,107812619,110809706
North Carolina,2020,110410009,113022409
North Carolina,2021,101865616,101916048
North Carolina,2022,122603567,120314967
North Carolina,2023,139353091,139079504
North Texas,2014,31617094,31182673
North Texas,2015,31312298,31268741
North Texas,2016,33278988,34155537
North Texas,2017,32150203,36363381
North Texas,2018,38002376,38635792
North Texas,2019,40758582,39908256
North Texas,2020,40063461,39895956
North Texas,2021,46699117,43975838
North Texas,2022,44477324,44222540
North Texas,2023,49188482,49720154
North Texas,2005,10643248,13749794
North Texas,2006,9480461,14127731
North Texas,2007,9447205,16192280
North Texas,2008,10243090,16449462
North Texas,2009,10333289,17184137
North Texas,2010,10201988,17105046
North Texas,2011,11259222,18935422
North Texas,2012,19029641,26542476
North Texas,2013,28800436,28926470
Northern Illinois,2005,15859206,15208205
Northern Illinois,2006,17537089,16670569
Northern Illinois,2007,19400270,18934750
Northern Illinois,2008,23342006,22448970
Northern Illinois,2009,21243679,23770449
Northern Illinois,2010,22210800,21899024
Northern Illinois,2011,24148602,22793622
Northern Illinois,2012,23504505,23863877
Northern Illinois,2013,26259284,25294053
Northern Illinois,2014,27007054,26130115
Northern Illinois,2015,27634930,27276559
Northern Illinois,2016,28521887,28746741
Northern Illinois,2017,25795597,25661395
Northern Illinois,2018,25856400,25821426
Northern Illinois,2019,28057388,26483239
Northern Illinois,2020,22017213,21809635
Northern Illinois,2021,17125504,17717741
Northern Illinois,2022,22177045,24097387
Northern Illinois,2023,24157870,26413529
Ohio,2005,14457896,14986448
Ohio,2006,16422486,16704043
Ohio,2007,20070873,20734683
Ohio,2008,19450560,20297059
Ohio,2009,20092230,21893603
Ohio,2010,23905953,22875238
Ohio,2011,25470296,22841117
Ohio,2012,28671520,24408346
Ohio,2013,27265061,27027550
Ohio,2014,27720000,27298719
Ohio,2015,28709413,27110443
Ohio,2016,31882732,31168868
Ohio,2017,32234688,32621410
Ohio,2018,33310037,35869324
Ohio,2019,34763420,34677243
Ohio,2020,31016396,31093223
Ohio,2021,26320785,26434522
Ohio,2022,29335290,31309063
Ohio,2023,29970069,33220845
Ohio State,2005,89700979,89580307
Ohio State,2006,104704852,101804852
Ohio State,2007,109382222,109197920
Ohio State,2008,115737022,114264848
Ohio State,2009,119711581,119859608
Ohio State,2010,123174176,122739754
Ohio State,2011,131815821,122286869
Ohio State,2012,142043057,124419412
Ohio State,2013,139639307,116026329
Ohio State,2014,145232681,113937001
Ohio State,2015,167166065,156969195
Ohio State,2016,170789765,169075013
Ohio State,2017,185409602,175743681
Ohio State,2018,205556663,206472651
Ohio State,2019,210548239,223605396
Ohio State,2020,233871740,218651265
Ohio State,2021,106896918,171618051
Ohio State,2022,251615345,227906141
Ohio State,2023,279549337,276839796
Oklahoma,2005,63382024,62897773
Oklahoma,2006,64521972,64322580
Oklahoma,2007,69430571,69266318
Oklahoma,2008,77098008,76945882
Oklahoma,2009,81487835,81404991
Oklahoma,2010,98512287,87678197
Oklahoma,2011,104338844,94363928
Oklahoma,2012,106456616,96250328
Oklahoma,2013,123805661,102447553
Oklahoma,2014,129226692,113366698
Oklahoma,2015,134269349,128260251
Oklahoma,2016,150373216,132611840
Oklahoma,2017,155238481,138456780
Oklahoma,2018,175325500,153189153
Oklahoma,2019,163126695,163835791
Oklahoma,2020,159116745,162958014
Oklahoma,2021,143668948,145100455
Oklahoma,2022,177320217,182403214
Oklahoma,2023,199295570,205514920
Oklahoma State,2005,51250746,55433091
Oklahoma State,2006,241364906,80300988
Oklahoma State,2007,57521622,66435650
Oklahoma State,2008,98874092,89801118
Oklahoma State,2009,55953397,75982440
Oklahoma State,2010,106362128,83748207
Oklahoma State,2011,82631915,66937207
Oklahoma State,2012,87270598,96782619
Oklahoma State,2013,93664337,96551860
Oklahoma State,2014,117803302,109648000
Oklahoma State,2015,95931739,93144396
Oklahoma State,2016,93672676,92926534
Oklahoma State,2017,91644865,89833094
Oklahoma State,2018,88516367,88228667
Oklahoma State,2019,95335482,95008483
Oklahoma State,2020,93608058,92501090
Oklahoma State,2021,64498660,78691353
Oklahoma State,2022,104404398,103317156
Oklahoma State,2023,122009946,121003194
Old Dominion,2014,41061440,41118876
Old Dominion,2015,43994715,42780118
Old Dominion,2016,44681935,43998223
Old Dominion,2017,46203813,46181753
Old Dominion,2018,44271033,45189213
Old Dominion,2019,46956655,49376061
Old Dominion,2020,49426473,49411842
Old Dominion,2021,41472704,38234460
Old Dominion,2022,53419653,51914920
Old Dominion,2023,50954029,54028983
Old Dominion,2005,12324287,11119357
Old Dominion,2006,15035087,13990585
Old Dominion,2007,16867013,17791173
Old Dominion,2008,20964520,20531677
Old Dominion,2009,27219527,25520288
Old Dominion,2010,32475822,29048014
Old Dominion,2011,32893744,30909628
Old Dominion,2012,35247421,34375037
Old Dominion,2013,36929483,35561455
Ole Miss,2005,28721832,28721832
Ole Miss,2006,29412948,29412948
Ole Miss,2007,33782527,33782527
Ole Miss,2008,34769709,34769709
Ole Miss,2009,41290128,41290128
Ole Miss,2010,45737904,45737904
Ole Miss,2011,49180892,47109301
Ole Miss,2012,51858993,51708064
Ole Miss,2013,73390050,71315807
Ole Miss,2014,75849000,73293496
Ole Miss,2015,87602519,82399898
Ole Miss,2016,110524705,97105043
Ole Miss,2017,117834511,108885512
Ole Miss,2018,110912617,116812268
Ole Miss,2019,108442428,113013400
Ole Miss,2020,105875209,113008288
Ole Miss,2021,127394340,109763195
Ole Miss,2022,133557937,138796990
Ole Miss,2023,142171362,150195985
Oregon,2005,39976635,40107833
Oregon,2006,45197269,44711104
Oregon,2007,50489771,49531150
Oregon,2008,56623901,56259942
Oregon,2009,59049245,60248727
Oregon,2010,122394483,77856232
Oregon,2011,85819699,76274142
Oregon,2012,94635829,89709350
Oregon,2013,115241070,94972708
Oregon,2014,196030398,110378432
Oregon,2015,105701523,103880557
Oregon,2016,111701175,110202688
Oregon,2017,145417315,119945650
Oregon,2018,122541827,119811239
Oregon,2019,127508498,128943543
Oregon,2020,391769609,120884588
Oregon,2021,117521817,101243145
Oregon,2022,153510555,140565297
Oregon,2023,150605799,146778941
Oregon State,2005,37245356,36106183
Oregon State,2006,53601943,55324993
Oregon State,2007,52471427,54910688
Oregon State,2008,52875339,52128314
Oregon State,2009,53142889,54576139
Oregon State,2010,55613345,52669946
Oregon State,2011,55544015,54589335
Oregon State,2012,58706837,57819032
Oregon State,2013,65467970,64185065
Oregon State,2014,63301794,73020003
Oregon State,2015,64876006,72557984
Oregon State,2016,72731247,77667683
Oregon State,2017,78959875,82730626
Oregon State,2018,80712000,88600330
Oregon State,2019,82058386,82364021
Oregon State,2020,72448232,77034653
Oregon State,2021,47341469,68585989
Oregon State,2022,83480015,87729627
Oregon State,2023,91588297,98423805
Penn State,2005,60785496,60218635
Penn State,2006,,
Penn State,2018,165373214,155184697
Penn State,2019,164529326,160369805
Penn State,2020,165077390,157908311
Penn State,2021,106159518,130050505
Penn State,2022,181227448,170542050
Penn State,2023,202200023,202073671
Penn State,2007,,
Penn State,2008,,
Penn State,2009,,
Penn State,2010,106614724,88041921
Penn State,2011,116118025,101336483
Penn State,2012,108252281,107389258
Penn State,2013,104751464,110737200
Penn State,2014,117590990,117440639
Penn State,2015,125720619,122271407
Penn State,2016,132248076,129349149
Penn State,2017,144017055,138724055
Pittsburgh,2014,,
Pittsburgh,2015,,
Pittsburgh,2016,,
Pittsburgh,2017,,
Pittsburgh,2018,,
Pittsburgh,2019,,
Pittsburgh,2020,,
Pittsburgh,2021,,
Pittsburgh,2022,,
Pittsburgh,2023,,
Pittsburgh,2005,,
Pittsburgh,2006,,
Pittsburgh,2007,,
Pittsburgh,2008,,
Pittsburgh,2009,,
Pittsburgh,2010,,
Pittsburgh,2011,,
Pittsburgh,2012,,
Pittsburgh,2013,,
Purdue,2005,51325446,51500109
Purdue,2006,51720353,51826232
Purdue,2007,57757409,55786246
Purdue,2008,64253784,59217169
Purdue,2009,60082091,57707608
Purdue,2010,61653561,58365143
Purdue,2011,66202493,59429383
Purdue,2012,70624394,68056269
Purdue,2013,72379392,74628002
Purdue,2014,71372206,74604756
Purdue,2015,75637694,76150390
Purdue,2016,78699976,80376885
Purdue,2017,84841133,87209495
Purdue,2018,103092204,96676957
Purdue,2019,110844907,103526477
Purdue,2020,102223618,100101396
Purdue,2021,74183342,82282743
Purdue,2022,115139432,93025810
Purdue,2023,124290313,119773814
Rutgers,2014,76656339,76656339
Rutgers,2005,37997629,37997629
Rutgers,2006,41192258,41824257
Rutgers,2007,43886496,44819848
Rutgers,2008,52012491,51748813
Rutgers,2009,58513863,58354222
Rutgers,2010,64203255,64203255
Rutgers,2011,60190100,60190100
Rutgers,2012,64038720,64038720
Rutgers,2013,78989475,78989475
Rutgers,2015,70558935,70558935
Rutgers,2016,83974159,83974159
Rutgers,2017,96883027,99193280
Rutgers,2018,100745386,102518486
Rutgers,2019,103251280,103167344
Rutgers,2020,103642415,114203981
Rutgers,2021,87992302,118394474
Rutgers,2022,109601529,138439077
Rutgers,2023,125478340,153523767
San Diego State,2005,26110436,25177993
San Diego State,2006,31614413,30916070
San Diego State,2007,30972095,30440354
San Diego State,2008,32118251,31405858
San Diego State,2009,32970550,35055228
San Diego State,2010,32582576,32629652
San Diego State,2011,45201703,36054231
San Diego State,2012,38003291,39017254
San Diego State,2013,39211827,42849323
San Diego State,2014,46978189,45063393
San Diego State,2015,49011745,53607909
San Diego State,2016,56551028,55285535
San Diego State,2017,52454787,51569852
San Diego State,2018,55687184,54933032
San Diego State,2019,54731404,55379174
San Diego State,2020,55441399,58258230
San Diego State,2021,48923740,49417308
San Diego State,2022,65897302,67245917
San Diego State,2023,103930691,96611742
San José State,2014,29666940,27815957
San José State,2015,28589341,28479255
San José State,2016,30875052,30563760
San José State,2017,31252553,30676330
San José State,2018,32035899,32563136
San José State,2019,32787377,33184068
San José State,2020,34712549,33650949
San José State,2021,32504774,35291822
San José State,2022,39030222,39030022
San José State,2023,44546781,44546341
San José State,2005,13157436,14028812
San José State,2006,18808533,17031351
San José State,2007,16989510,17008079
San José State,2008,18816240,17386449
San José State,2009,18701362,17809653
San José State,2010,20333059,20785707
San José State,2011,18861113,19650442
San José State,2012,23918785,23505166
San José State,2013,25854038,24440274
South Alabama,2013,21115562,19830068
South Alabama,2014,23091728,22960759
South Alabama,2015,28101936,25123468
South Alabama,2016,27184425,26468257
South Alabama,2017,30693877,27949252
South Alabama,2018,29040958,29894011
South Alabama,2019,33525272,33964076
South Alabama,2020,28046238,28321414
South Alabama,2021,32429727,35094465
South Alabama,2022,39119983,33001239
South Alabama,2023,35712472,35718696
South Alabama,2005,6957077,6933573
South Alabama,2006,7330336,7632178
South Alabama,2007,8517024,8517024
South Alabama,2008,10626929,10626929
South Alabama,2009,14355498,13778098
South Alabama,2010,16439797,15380469
South Alabama,2011,17432045,16580198
South Alabama,2012,19060589,18816817
South Carolina,2005,46280330,48935414
South Carolina,2006,52058257,53098347
South Carolina,2007,60544531,57167414
South Carolina,2008,66545953,64516437
South Carolina,2009,76117140,75597812
South Carolina,2010,79879193,78295030
South Carolina,2011,83813226,80525711
South Carolina,2012,87608352,84963037
South Carolina,2013,90484422,89097412
South Carolina,2014,98619479,95762786
South Carolina,2015,113172545,107430044
South Carolina,2016,122331092,116735510
South Carolina,2017,136032845,129317382
South Carolina,2018,140084150,134863557
South Carolina,2019,140695659,136879732
South Carolina,2020,133011012,133776318
South Carolina,2021,135157386,130364709
South Carolina,2022,142210807,144815377
South Carolina,2023,160489386,160420148
South Florida,2014,48383928,46829647
South Florida,2015,45479012,46860838
South Florida,2016,47160819,48405191
South Florida,2017,49960338,48227500
South Florida,2018,45556113,50674340
South Florida,2019,55045769,53569756
South Florida,2020,59531113,58021081
South Florida,2021,59975230,50932188
South Florida,2022,56110830,62288597
South Florida,2023,70586517,70722257
South Florida,2006,25741146,24237359
South Florida,2007,28160631,27846459
South Florida,2008,34935813,32809603
South Florida,2009,37986171,35213059
South Florida,2010,39190939,39088660
South Florida,2011,41948123,43494246
South Florida,2012,43574400,43067025
South Florida,2013,45066258,44612535
South Florida,2005,20565871,19823873
Southern Miss,2005,18246484,16588414
Southern Miss,2006,19460068,18396942
Southern Miss,2007,19911894,19083585
Southern Miss,2008,18712687,18671620
Southern Miss,2009,18919637,19861580
Southern Miss,2010,19731333,19641550
Southern Miss,2011,20673597,20702037
Southern Miss,2012,21526695,21914136
Southern Miss,2013,22776416,22399056
Southern Miss,2014,23536254,23536254
Southern Miss,2015,23972589,24546909
Southern Miss,2016,25915460,25915460
Southern Miss,2017,23984639,25251618
Southern Miss,2018,24248720,26135504
Southern Miss,2019,25687189,25687189
Southern Miss,2020,25628133,25628133
Southern Miss,2021,27332585,27223468
Southern Miss,2022,28361867,28346698
Southern Miss,2023,30379350,30344924
Temple,2014,,
Temple,2015,,
Temple,2016,,
Temple,2017,,
Temple,2018,,
Temple,2019,,
Temple,2020,,
Temple,2021,,
Temple,2022,,
Temple,2023,,
Temple,2005,,
Temple,2012,,
Temple,2013,,
Temple,2006,,
Temple,2007,,
Temple,2008,,
Temple,2009,,
Temple,2010,,
Temple,2011,,
Tennessee,2005,71295394,71783012
Tennessee,2006,73807262,70565159
Tennessee,2007,97289613,94445270
Tennessee,2008,101806196,100507146
Tennessee,2009,102795708,105972740
Tennessee,2010,115729599,111670619
Tennessee,2011,104368992,97580406
Tennessee,2012,102884286,101292015
Tennessee,2013,111579779,110269194
Tennessee,2014,107499732,106153854
Tennessee,2015,126584033,113413325
Tennessee,2016,140448955,128011504
Tennessee,2017,145653191,134880229
Tennessee,2018,143545115,150030497
Tennessee,2019,143765903,142976173
Tennessee,2020,140335769,140824626
Tennessee,2021,132920757,132163159
Tennessee,2022,154566935,157108637
Tennessee,2023,202097305,191032519
Texas,2005,89651682,82400829
Texas,2006,97756776,90738962
Texas,2007,105048632,97235567
Texas,2008,120288370,110996365
Texas,2009,138459149,127651428
Texas,2010,143555354,130436534
Texas,2011,150295926,133686815
Texas,2012,163295115,138269710
Texas,2013,165691486,146807585
Texas,2014,161035187,154128877
Texas,2015,183521028,183062661
Texas,2016,187981158,181493246
Texas,2017,214830647,217363094
Texas,2018,219402579,217327009
Texas,2019,223879781,207428044
Texas,2020,200772813,178668974
Texas,2021,152696006,167324290
Texas,2022,239290648,227240679
Texas,2023,271129326,233916669
Texas A&M,2005,64180453,58873096
Texas A&M,2006,70713549,61459536
Texas A&M,2007,73664352,70377179
Texas A&M,2008,92476146,77426317
Texas A&M,2009,98121411,77812183
Texas A&M,2010,82774133,75941926
Texas A&M,2011,87296532,78310805
Texas A&M,2012,119702222,81792118
Texas A&M,2013,93957906,85114588
Texas A&M,2014,119475872,95663483
Texas A&M,2015,192608876,109313651
Texas A&M,2016,194388450,137101774
Texas A&M,2017,211960034,146546229
Texas A&M,2018,212399426,165782418
Texas A&M,2019,212748002,169012456
Texas A&M,2020,166736120,159136624
Texas A&M,2021,161870328,141824256
Texas A&M,2022,193139619,177671900
Texas A&M,2023,279188334,194692848
Texas State,2013,29764777,27690963
Texas State,2014,32190191,28378049
Texas State,2015,34508786,33908581
Texas State,2016,34698351,31268882
Texas State,2017,38445832,35915260
Texas State,2018,37267758,34470226
Texas State,2019,37834341,37102038
Texas State,2020,36397806,35108934
Texas State,2021,34871441,34363246
Texas State,2022,37288587,37853450
Texas State,2023,40007172,43589707
Texas State,2005,10168753,9535861
Texas State,2006,11758733,11186563
Texas State,2007,13111650,12775434
Texas State,2008,13701622,12714001
Texas State,2009,22392793,14306278
Texas State,2010,19284943,19768353
Texas State,2011,21741489,20284579
Texas State,2012,26886756,25439818
Texas Tech,2005,47961420,46287452
Texas Tech,2006,49501530,52853607
Texas Tech,2007,54118372,51502786
Texas Tech,2008,52599785,51275866
Texas Tech,2009,55834336,53808480
Texas Tech,2010,61974623,59341489
Texas Tech,2011,59534895,56970651
Texas Tech,2012,67928350,60346836
Texas Tech,2013,72917990,66296446
Texas Tech,2014,76723413,69659608
Texas Tech,2015,79979481,76525961
Texas Tech,2016,82996321,78598577
Texas Tech,2017,88804476,86984083
Texas Tech,2018,89259783,88948721
Texas Tech,2019,96625347,95132604
Texas Tech,2020,90418548,88327973
Texas Tech,2021,88859408,83873438
Texas Tech,2022,110154695,104778443
Texas Tech,2023,146807939,136364850
Toledo,2005,17091665,14300546
Toledo,2006,15530672,16258879
Toledo,2007,17577137,16401077
Toledo,2008,19082009,17811494
Toledo,2009,20639166,19330595
Toledo,2010,19966412,20029156
Toledo,2011,19485449,20673092
Toledo,2012,21265873,22381963
Toledo,2013,23054218,23654141
Toledo,2014,22559175,26304331
Toledo,2015,26503340,29902989
Toledo,2016,27913179,33289417
Toledo,2017,32925921,32925921
Toledo,2018,33776969,33776969
Toledo,2019,35560555,35560555
Toledo,2020,34343201,34343201
Toledo,2021,29361565,29361565
Toledo,2022,35602789,35602789
Toledo,2023,36455977,36455977
Troy,2005,11975714,11975714
Troy,2006,12825677,12825677
Troy,2007,14142659,14142659
Troy,2008,14327947,14327947
Troy,2009,15458050,15458050
Troy,2010,15783593,15783593
Troy,2011,15246720,15246720
Troy,2012,16504664,16504664
Troy,2013,22268629,22268629
Troy,2014,24628741,24628741
Troy,2015,27056669,27056669
Troy,2016,27320624,27320624
Troy,2017,29962107,29962107
Troy,2018,30326255,30326255
Troy,2019,32334739,32334739
Troy,2020,27459346,27459346
Troy,2021,29557154,29557154
Troy,2022,33355524,33355524
Troy,2023,34328670,34328670
UAB,2005,18784112,18872742
UAB,2006,19744094,19226855
UAB,2007,21600512,21123121
UAB,2008,22430831,21509018
UAB,2009,22808725,22519272
UAB,2010,24273967,23839180
UAB,2011,25690048,25224426
UAB,2012,28114179,27412637
UAB,2013,28159249,27544633
UAB,2014,31549517,30805171
UAB,2015,31896726,31066375
UAB,2016,32453663,30847992
UAB,2017,24795218,23803547
UAB,2018,34736287,35809571
UAB,2019,36494381,35697117
UAB,2020,35725431,35441324
UAB,2021,35446863,34303084
UAB,2022,38351074,39890894
UAB,2023,40530725,42207368
UCF,2014,49764152,45327168
UCF,2015,51455603,47647475
UCF,2016,59379453,59379453
UCF,2017,56327225,56327225
UCF,2018,61968057,61118971
UCF,2019,69121887,67916343
UCF,2020,68865055,64226899
UCF,2021,68253692,60848697
UCF,2022,89228205,69099289
UCF,2023,84670604,88199644
UCF,2006,22860742,25142787
UCF,2007,26060542,29614919
UCF,2008,39715730,38825507
UCF,2009,37573332,37757742
UCF,2010,40063558,39280775
UCF,2011,42762625,42806123
UCF,2012,40993870,40009614
UCF,2013,41222301,41981093
UCF,2005,22089418,20730846
UCLA,2005,46013054,46010599
UCLA,2006,52066786,52049868
UCLA,2007,61309668,61309668
UCLA,2008,66088264,66088264
UCLA,2009,66177866,66177866
UCLA,2010,61875531,61875531
UCLA,2011,66003893,66003893
UCLA,2012,71731776,71731776
UCLA,2013,83926720,83926720
UCLA,2014,86426780,86426780
UCLA,2015,96912767,96912767
UCLA,2016,98913023,98913023
UCLA,2017,104106646,104106646
UCLA,2018,130960560,130960560
UCLA,2019,108412967,127339042
UCLA,2020,97674553,119391431
UCLA,2021,47652914,110128961
UCLA,2022,103061344,131106913
UCLA,2023,105421505,141964728
UConn,2014,71519433,71396255
UConn,2015,72155789,72062423
UConn,2016,79229275,79211704
UConn,2017,83374223,83121820
UConn,2018,79308421,80905645
UConn,2019,80900404,80814173
UConn,2020,75956210,78760755
UConn,2023,93115408,90718903
UConn,2005,47195392,47359002
UConn,2006,49926983,49912115
UConn,2007,52842927,52795923
UConn,2008,55218003,55025374
UConn,2009,58446441,58355426
UConn,2010,58505719,58379090
UConn,2011,63089340,62993983
UConn,2012,63566909,63828620
UConn,2013,63336022,63420811
UConn,2021,58354901,60827848
UConn,2022,99041960,96742518
UL Monroe,2005,6652372,6647569
UL Monroe,2006,7604942,7604242
UL Monroe,2007,9030596,8658622
UL Monroe,2008,9413381,9242021
UL Monroe,2009,10219451,10131066
UL Monroe,2010,10752992,10700417
UL Monroe,2011,11661727,10164038
UL Monroe,2012,11323485,10769839
UL Monroe,2013,11231311,11439382
UL Monroe,2014,12128517,12336499
UL Monroe,2015,12953419,12801041
UL Monroe,2016,14653575,14617004
UL Monroe,2017,16132421,15481778
UL Monroe,2018,15500291,15896347
UL Monroe,2019,15568952,16927856
UL Monroe,2020,15295028,18111249
UL Monroe,2021,16820553,18140898
UL Monroe,2022,19119368,20527424
UL Monroe,2023,19440802,21116234
UNLV,2005,24580619,24280990
UNLV,2006,32079311,32720926
UNLV,2007,33240631,33484258
UNLV,2008,38377947,37934266
UNLV,2009,37531196,36218647
UNLV,2010,56496233,59143059
UNLV,2011,59544869,60555156
UNLV,2012,58806533,58691671
UNLV,2013,64513044,63672024
UNLV,2014,44057560,44467342
UNLV,2015,45015536,44935234
UNLV,2016,46886024,46303882
UNLV,2017,47327478,47476606
UNLV,2018,50568292,50014197
UNLV,2019,50784275,50445250
UNLV,2020,57577488,57503667
UNLV,2021,52637180,52087692
UNLV,2022,64243413,62644050
UNLV,2023,56560028,66547435
Utah,2005,25506145,21311639
Utah,2006,25046766,24477346
Utah,2007,25913332,26328003
Utah,2008,27447140,27928663
Utah,2009,32026436,31302138
Utah,2010,30882390,31742827
Utah,2011,38091538,36846478
Utah,2012,40838218,43719503
Utah,2013,46855283,49520152
Utah,2014,56470310,50531606
Utah,2015,62441552,58734014
Utah,2016,79447512,78051971
Utah,2017,83672639,81620307
Utah,2018,91386593,87578834
Utah,2019,99526695,96000514
Utah,2020,97217204,95185806
Utah,2021,51021217,82056884
Utah,2022,115719266,111880434
Utah,2023,126256291,124453484
Utah State,2014,25152919,25707325
Utah State,2015,30333172,28287417
Utah State,2016,32045471,32416285
Utah State,2017,34398296,34213406
Utah State,2018,38712397,39075114
Utah State,2019,41558060,40798434
Utah State,2020,39676192,40198092
Utah State,2021,36841415,36047203
Utah State,2022,43157838,42824185
Utah State,2023,51789705,51389553
Utah State,2005,10965546,10965044
Utah State,2006,10933624,11501727
Utah State,2007,12822145,12690335
Utah State,2008,13496893,14595321
Utah State,2009,16953640,17801913
Utah State,2010,19201898,19344112
Utah State,2011,22777944,19700480
Utah State,2012,21061242,21565777
Utah State,2013,23684266,24307048
UTEP,2006,23449605,23740388
UTEP,2007,23358129,23207842
UTEP,2008,25269243,25707421
UTEP,2009,25595295,25547680
UTEP,2010,26694008,26614312
UTEP,2011,27694358,27660527
UTEP,2012,27230937,27092238
UTEP,2013,29017848,28964808
UTEP,2014,28645661,28521887
UTEP,2015,29836835,29395257
UTEP,2016,32709050,32510383
UTEP,2017,31781343,32039189
UTEP,2018,32855303,33439133
UTEP,2019,33481654,32980563
UTEP,2020,32172228,32059940
UTEP,2021,30423857,27416563
UTEP,2022,33131210,34370528
UTEP,2023,40707967,35386434
UTEP,2005,21325408,21325403
UTSA,2014,26937994,27175879
UTSA,2015,26807547,26177864
UTSA,2016,27426009,26443958
UTSA,2017,28772631,30104385
UTSA,2018,30368193,31308818
UTSA,2019,33657739,32278508
UTSA,2020,32333272,29952605
UTSA,2021,30361814,29521154
UTSA,2022,38183028,39156362
UTSA,2023,50434434,44922768
UTSA,2013,23807953,24891193
UTSA,2005,7499025,7675714
UTSA,2006,9828305,9271175
UTSA,2007,9987498,9362601
UTSA,2008,10370170,10210111
UTSA,2009,11303479,11244584
UTSA,2010,12981694,12948900
UTSA,2011,16675632,16004767
UTSA,2012,22308205,21223077
Virginia,2005,63060540,59825403
Virginia,2006,52898726,51591398
Virginia,2007,64069968,64852417
Virginia,2008,64396612,65838543
Virginia,2009,67141171,63696905
Virginia,2010,81841633,70870412
Virginia,2011,78439006,72400342
Virginia,2012,80835566,75437849
Virginia,2013,84402710,84201789
Virginia,2014,83697971,87426105
Virginia,2015,91256772,91345925
Virginia,2016,103272319,99801739
Virginia,2017,92865175,100324517
Virginia,2018,106581570,106926915
Virginia,2019,110219117,112621238
Virginia,2020,110283933,111779897
Virginia,2021,105346428,101172838
Virginia,2022,161916231,150584173
Virginia,2023,140937329,138225818
Virginia Tech,2005,45730485,37465129
Virginia Tech,2006,48658004,45311500
Virginia Tech,2007,65602382,56064171
Virginia Tech,2008,64412343,59157745
Virginia Tech,2009,60895876,58920659
Virginia Tech,2010,63613464,55738633
Virginia Tech,2011,66909557,62594797
Virginia Tech,2012,70723748,66970798
Virginia Tech,2013,70030484,66581916
Virginia Tech,2014,73065186,69597779
Virginia Tech,2015,80230095,77679721
Virginia Tech,2016,83702698,84617028
Virginia Tech,2017,87427526,90716423
Virginia Tech,2018,98485395,93588260
Virginia Tech,2019,96772489,93961068
Virginia Tech,2020,99193958,97492220
Virginia Tech,2021,90296622,85587390
Virginia Tech,2022,112690598,117280036
Virginia Tech,2023,129522082,116947347
Washington,2005,43197964,45423346
Washington,2006,52441834,49011005
Washington,2007,59648451,50795299
Washington,2008,60729016,57330671
Washington,2009,54019862,60575780
Washington,2010,64034410,61640598
Washington,2011,70231336,67900835
Washington,2012,82594783,73833643
Washington,2013,85072886,76209927
Washington,2014,100275187,86097137
Washington,2015,103540117,104403253
Washington,2016,107154560,109560972
Washington,2017,128745183,123503513
Washington,2018,130919331,126133008
Washington,2019,133792677,131317636
Washington,2020,137573939,128976495
Washington,2021,83431816,86150595
Washington,2022,145184864,149458923
Washington,2023,151599477,150037375
Washington State,2005,28391053,27873562
Washington State,2006,31928693,29444187
Washington State,2007,34228297,32030273
Washington State,2008,39621060,36495847
Washington State,2009,38293755,38079471
Washington State,2010,39352096,38045842
Washington State,2011,39983482,40617093
Washington State,2012,42729548,47962255
Washington State,2013,47191240,52126124
Washington State,2014,54426818,68141258
Washington State,2015,54112604,67386939
Washington State,2016,58753266,71688623
Washington State,2017,64294520,71801820
Washington State,2018,65117715,73775035
Washington State,2019,71691339,76258966
Washington State,2020,74741186,77271930
Washington State,2021,40089718,65002028
Washington State,2022,85028825,83691991
Washington State,2023,78981224,90909237
West Virginia,2013,77706698,73501593
West Virginia,2014,77626819,76618251
West Virginia,2015,90523565,87265473
West Virginia,2016,105140368,85900652
West Virginia,2017,110565870,89196193
West Virginia,2018,102684423,91807281
West Virginia,2019,102680928,98249890
West Virginia,2020,86869104,90208214
West Virginia,2021,72982006,64814692
West Virginia,2022,105193311,97067706
West Virginia,2023,105960843,103142400
West Virginia,2005,33541339,35853722
West Virginia,2006,49917536,39160670
West Virginia,2007,46970708,42720691
West Virginia,2008,54262716,49052709
West Virginia,2009,55658165,53368035
West Virginia,2010,62030104,56607917
West Virginia,2011,60451426,61709469
West Virginia,2012,80064869,92968960
Western Kentucky,2015,30212548,30212548
Western Kentucky,2016,29456758,29456758
Western Kentucky,2017,30439066,30439067
Western Kentucky,2018,30595026,30595027
Western Kentucky,2019,30770123,30770123
Western Kentucky,2020,31531023,31531023
Western Kentucky,2021,28866023,28866023
Western Kentucky,2022,35142710,35142710
Western Kentucky,2023,40380458,40380458
Western Kentucky,2008,19957909,19957909
Western Kentucky,2009,22322317,22322317
Western Kentucky,2010,23243348,23243348
Western Kentucky,2011,22269484,22269484
Western Kentucky,2012,25770262,25770262
Western Kentucky,2013,27606401,27607401
Western Kentucky,2014,27716031,27716031
Western Kentucky,2005,14577734,14577734
Western Kentucky,2006,16081045,16081045
Western Kentucky,2007,17208710,17208710
Western Michigan,2005,19635621,19611155
Western Michigan,2006,21023575,20962318
Western Michigan,2007,21011544,21271146
Western Michigan,2008,21990723,21635009
Western Michigan,2009,23051148,24545495
Western Michigan,2010,23761393,23233399
Western Michigan,2011,25627752,25410420
Western Michigan,2012,27899949,27817159
Western Michigan,2013,28624348,28630285
Western Michigan,2014,28927072,30113764
Western Michigan,2015,34698711,33255611
Western Michigan,2016,37650232,37643168
Western Michigan,2017,38516531,38271134
Western Michigan,2018,36223080,37925540
Western Michigan,2019,38492604,38997076
Western Michigan,2020,33195174,35166128
Western Michigan,2021,26813945,26924574
Western Michigan,2022,39162014,34422527
Western Michigan,2023,41215879,41235356
Wisconsin,2005,75814556,75719048
Wisconsin,2006,78948241,78845355
Wisconsin,2007,84312381,83134641
Wisconsin,2008,95118124,93008125
Wisconsin,2009,91806135,89643069
Wisconsin,2010,96038912,92259330
Wisconsin,2011,96288191,95623345
Wisconsin,2012,103803040,102275206
Wisconsin,2013,149141405,146659187
Wisconsin,2014,127910918,125096235
Wisconsin,2015,123895543,118691112
Wisconsin,2016,132788726,130433373
Wisconsin,2017,143420668,142930591
Wisconsin,2018,151966795,149798158
Wisconsin,2019,157660107,154621828
Wisconsin,2020,148198907,149196055
Wisconsin,2021,106916838,127088011
Wisconsin,2022,150100977,147807183
Wisconsin,2023,197723038,194020289
Wyoming,2005,21445005,20924672
Wyoming,2006,21187320,22292557
Wyoming,2007,23420960,23937954
Wyoming,2008,24547609,24876915
Wyoming,2009,26534233,26611238
Wyoming,2010,26979594,26524851
Wyoming,2011,27577001,27800441
Wyoming,2012,30266873,30476152
Wyoming,2013,29647103,29731941
Wyoming,2014,32336367,32966973
Wyoming,2015,35260511,33364169
Wyoming,2016,36878369,37221003
Wyoming,2017,40372222,38669544
Wyoming,2018,44910641,43005108
Wyoming,2019,47046852,48154020
Wyoming,2020,44543915,45057916
Wyoming,2021,42487812,40117057
Wyoming,2022,50255884,47146999
Wyoming,2023,50083847,48300019